,category,Product Name,asin,上线时间
0,炸锅,CP158-AF Air Fryer(Black),B07GJBBGHG,2018-10-21
1,炸锅,CP158-AF Air Fryer(Red),B07T2LGN8P,2019-06-24
2,炸锅,CP158-AF Air Fryer(White),B07T2LCKNF,2019-06-25
3,炸锅,CS158-AF Air Fryer(Black),B07VLKMMJ5,2019-08-01
4,炸锅,CP358-AF Air Fryer(Black),B085W3GN5J,2020-06-14
5,炸锅,CS358-AF Air Fryer(Black),B089ZT66H9,2020-10-24
6,炸锅,AF701-AF Air Fryer(Black),B08L39951F,2020-12-16
7,炸锅,CP137-AF Air Fryer(Black),B07GJJ71XS,2018-10-22
8,炸锅,CP137-AF Air Fryer(Red),B07SKJV5KV,2019-06-10
9,炸锅,CP137-AF Air Fryer(White),B07T4HX1LH,2019-06-28
10,炸锅,CP258-AF Air Fryer(Silver),B07NL1L4SL,2019-04-28
11,炸锅,CP237-AF Air Fryer(Silver),B07XS37FPV,2019-09-11
12,炸锅,CO158-AF Air Fryer(Black),B07WBSVH33,2019-08-29
13,炸锅,CO137-AF Air Fryer(Black),B081NLFM91,2019-11-26
14,炸锅,CO134-AF Air Fryer(Black),B07YBB5SKG,2019-10-22
15,炸锅配件,C158-6AC Air fryer accessories (Black),B07QHSZGXC,2018-12-10
16,炸锅配件,C137-6AC Air fryer accessories (Black),B07LCW5S2H,2018-11-01
17,炸锅配件,C158-FB Air fryer basket(Black),B07QDSNFS2,2019-04-09
18,炸锅配件,C137-FB Air fryer basket(Black),B07QDSHKV1,2019-04-16
19,炸锅配件,CP358 Inner basket,B08YDQSG55,2021-05-04
20,面包机,Original Bread Maker,B08LYY2HHJ,2020-10-27
21,面包机,Original Bread Maker（New）,B097HG13D1,2021-06-18
22,烤箱,CO125-TO Toaster Oven(Silver),B07YL6QWLK,2019-10-02
23,烤箱,CS125-AO Air Fryer Toaster Oven(Silver),B08L3L4ZZX,2020-12-01
24,烤箱,CS100-AO Air Fryer Toaster Oven(Black),B08K8T3W2V,2020-11-08
25,烤箱,CO130-AO Air Fryer Toaster Oven(Silver),B07W67NQMN,2019-08-31
26,烤箱,CS130-AO Air Fryer Toaster Oven(Silver),B0895G46CG,2020-08-29
27,烤箱,CS130-AO Air Fryer Toaster Oven(Black),B0895GS9NW,2020-07-09
28,烤箱,CS130-CFH Air Fryer Toaster Oven(Silver),B08FX4BR51,2021-05-14
29,烤箱配件,C130-TS Toaster Oven food tray accessories (black),B08QM92YBH,2020-11-01
30,烤箱配件,C130-FB Toaster Oven Accessory(Silver),B08NSVZY1K,2020-11-18
31,烤箱配件,C130-2WR Air Fryer Toaster Oven Accessory,B08THPNHJK,2021-01-20
32,烤箱配件,C130-RS Air Fryer Toaster Oven Accessory,B08PC1WNNX,2020-11-30
33,烤箱配件,CAO1-3AC Baking Pan & Baking Set,B095346VH6,2021-05-16
34,水壶,CO171-GK Electric Glass Kettle,B07FKN76ZS,2018-08-03
35,水壶,GK172-CO Electric Glass Kettle,B08PP48979,2020-12-05
36,水壶,CO171-GK2 Kettle White,B07VXVFKWV,2019-08-07
37,水壶,CO117-DK Electric Glass Kettle,B08BFMV68M,2020-09-25
38,水壶,CO108-NK Gooseneck Kettle,B07T1CH2HH,2019-07-01
39,水壶,CO108-NK Gooseneck silver,B081LQMXKP,2019-11-18
40,水壶,CS108-NK Gooseneck,B08BFS92RP,2020-09-22
41,水壶,CO172-EK SS Kettle Black,B07FP5PHG4,2018-08-31
42,水壶,CO172-EK SS Kettle White,B07VXQMR7G,2019-08-05
43,水壶,CO172-EK SS Kettle Orange,B07W8MGPJX,2019-08-07
44,水壶,CO141-GT Glass Teapot,B083JBM9CZ,2020-01-13
45,干果机,CO165-FD Dehydrator,B07MPC7C8G,2019-01-23
46,干果机,CP267-FD (Sliver),B07PY5M579,2019-04-15
47,干果机,CP267-FD （Black）,B08GBY2BK8,2020-09-22
48,干果机配件,C165-2MS,B07X3JDVHK,2019-09-04
49,干果机配件,C165-2FR,B07WZF33ZT,2019-09-04
50,干果机配件,C267-2MS,B07X2JP8HP,2019-09-04
51,干果机配件,C267-2FR,B07WYYRZK7,2019-09-04
52,搅拌机,C011-PB Blender,B076DZJSHL,2017-10-29
53,搅拌机,C011-PB Blender new,B07T1BCN91,2019-07-06
54,搅拌机,C700-PRO Blender,B071D7BTTW,2017-07-10
55,搅拌机,C700-PRO Blender new,B07VNPQ2NF,2019-08-11
56,搅拌机,C900-PRO Blender new,B07RWPQ9TM,2019-01-21
57,磨豆机,CCG-U021-KUS Wet and Dry Grinder,B0999CJBD9,2021-07-19
58,磨豆机,CCG-U011-KUS Coffee Grinder,B09BB74CLW,2021-08-06
59,咖啡,CO194-CW Coffee Warmer,B074NYJL9J,2017-08-25
60,咖啡,CO294-CW Coffee Warmer,B089SGRVBJ,2020-06-08
61,咖啡,Coffee Warmer Mug Set,B07G9J4745,2018-09-26
62,咖啡,Coffee Mug,B07G9J194H,2018-10-30
63,咖啡,Pour Over Coffee Maker,B0821DTMGT,2020-04-28
